--
-- PostgreSQL database dump
--

-- Dumped from database version 17.5 (Debian 17.5-1.pgdg120+1)
-- Dumped by pg_dump version 17.5 (Debian 17.5-1.pgdg120+1)

SET statement_timeout = 0;
SET lock_timeout = 0;
SET idle_in_transaction_session_timeout = 0;
SET transaction_timeout = 0;
SET client_encoding = 'UTF8';
SET standard_conforming_strings = on;
SELECT pg_catalog.set_config('search_path', '', false);
SET check_function_bodies = false;
SET xmloption = content;
SET client_min_messages = warning;
SET row_security = off;

SET default_tablespace = '';

SET default_table_access_method = heap;

--
-- Name: account_emailaddress; Type: TABLE; Schema: public; Owner: postgres
--

CREATE TABLE public.account_emailaddress (
    id integer NOT NULL,
    email character varying(254) NOT NULL,
    verified boolean NOT NULL,
    "primary" boolean NOT NULL,
    user_id integer NOT NULL
);


ALTER TABLE public.account_emailaddress OWNER TO postgres;

--
-- Name: account_emailaddress_id_seq; Type: SEQUENCE; Schema: public; Owner: postgres
--

ALTER TABLE public.account_emailaddress ALTER COLUMN id ADD GENERATED BY DEFAULT AS IDENTITY (
    SEQUENCE NAME public.account_emailaddress_id_seq
    START WITH 1
    INCREMENT BY 1
    NO MINVALUE
    NO MAXVALUE
    CACHE 1
);


--
-- Name: account_emailconfirmation; Type: TABLE; Schema: public; Owner: postgres
--

CREATE TABLE public.account_emailconfirmation (
    id integer NOT NULL,
    created timestamp with time zone NOT NULL,
    sent timestamp with time zone,
    key character varying(64) NOT NULL,
    email_address_id integer NOT NULL
);


ALTER TABLE public.account_emailconfirmation OWNER TO postgres;

--
-- Name: account_emailconfirmation_id_seq; Type: SEQUENCE; Schema: public; Owner: postgres
--

ALTER TABLE public.account_emailconfirmation ALTER COLUMN id ADD GENERATED BY DEFAULT AS IDENTITY (
    SEQUENCE NAME public.account_emailconfirmation_id_seq
    START WITH 1
    INCREMENT BY 1
    NO MINVALUE
    NO MAXVALUE
    CACHE 1
);


--
-- Name: auth_group; Type: TABLE; Schema: public; Owner: postgres
--

CREATE TABLE public.auth_group (
    id integer NOT NULL,
    name character varying(150) NOT NULL
);


ALTER TABLE public.auth_group OWNER TO postgres;

--
-- Name: auth_group_id_seq; Type: SEQUENCE; Schema: public; Owner: postgres
--

ALTER TABLE public.auth_group ALTER COLUMN id ADD GENERATED BY DEFAULT AS IDENTITY (
    SEQUENCE NAME public.auth_group_id_seq
    START WITH 1
    INCREMENT BY 1
    NO MINVALUE
    NO MAXVALUE
    CACHE 1
);


--
-- Name: auth_group_permissions; Type: TABLE; Schema: public; Owner: postgres
--

CREATE TABLE public.auth_group_permissions (
    id bigint NOT NULL,
    group_id integer NOT NULL,
    permission_id integer NOT NULL
);


ALTER TABLE public.auth_group_permissions OWNER TO postgres;

--
-- Name: auth_group_permissions_id_seq; Type: SEQUENCE; Schema: public; Owner: postgres
--

ALTER TABLE public.auth_group_permissions ALTER COLUMN id ADD GENERATED BY DEFAULT AS IDENTITY (
    SEQUENCE NAME public.auth_group_permissions_id_seq
    START WITH 1
    INCREMENT BY 1
    NO MINVALUE
    NO MAXVALUE
    CACHE 1
);


--
-- Name: auth_permission; Type: TABLE; Schema: public; Owner: postgres
--

CREATE TABLE public.auth_permission (
    id integer NOT NULL,
    name character varying(255) NOT NULL,
    content_type_id integer NOT NULL,
    codename character varying(100) NOT NULL
);


ALTER TABLE public.auth_permission OWNER TO postgres;

--
-- Name: auth_permission_id_seq; Type: SEQUENCE; Schema: public; Owner: postgres
--

ALTER TABLE public.auth_permission ALTER COLUMN id ADD GENERATED BY DEFAULT AS IDENTITY (
    SEQUENCE NAME public.auth_permission_id_seq
    START WITH 1
    INCREMENT BY 1
    NO MINVALUE
    NO MAXVALUE
    CACHE 1
);


--
-- Name: auth_user; Type: TABLE; Schema: public; Owner: postgres
--

CREATE TABLE public.auth_user (
    id integer NOT NULL,
    password character varying(128) NOT NULL,
    last_login timestamp with time zone,
    is_superuser boolean NOT NULL,
    username character varying(150) NOT NULL,
    first_name character varying(150) NOT NULL,
    last_name character varying(150) NOT NULL,
    email character varying(254) NOT NULL,
    is_staff boolean NOT NULL,
    is_active boolean NOT NULL,
    date_joined timestamp with time zone NOT NULL
);


ALTER TABLE public.auth_user OWNER TO postgres;

--
-- Name: auth_user_groups; Type: TABLE; Schema: public; Owner: postgres
--

CREATE TABLE public.auth_user_groups (
    id bigint NOT NULL,
    user_id integer NOT NULL,
    group_id integer NOT NULL
);


ALTER TABLE public.auth_user_groups OWNER TO postgres;

--
-- Name: auth_user_groups_id_seq; Type: SEQUENCE; Schema: public; Owner: postgres
--

ALTER TABLE public.auth_user_groups ALTER COLUMN id ADD GENERATED BY DEFAULT AS IDENTITY (
    SEQUENCE NAME public.auth_user_groups_id_seq
    START WITH 1
    INCREMENT BY 1
    NO MINVALUE
    NO MAXVALUE
    CACHE 1
);


--
-- Name: auth_user_id_seq; Type: SEQUENCE; Schema: public; Owner: postgres
--

ALTER TABLE public.auth_user ALTER COLUMN id ADD GENERATED BY DEFAULT AS IDENTITY (
    SEQUENCE NAME public.auth_user_id_seq
    START WITH 1
    INCREMENT BY 1
    NO MINVALUE
    NO MAXVALUE
    CACHE 1
);


--
-- Name: auth_user_user_permissions; Type: TABLE; Schema: public; Owner: postgres
--

CREATE TABLE public.auth_user_user_permissions (
    id bigint NOT NULL,
    user_id integer NOT NULL,
    permission_id integer NOT NULL
);


ALTER TABLE public.auth_user_user_permissions OWNER TO postgres;

--
-- Name: auth_user_user_permissions_id_seq; Type: SEQUENCE; Schema: public; Owner: postgres
--

ALTER TABLE public.auth_user_user_permissions ALTER COLUMN id ADD GENERATED BY DEFAULT AS IDENTITY (
    SEQUENCE NAME public.auth_user_user_permissions_id_seq
    START WITH 1
    INCREMENT BY 1
    NO MINVALUE
    NO MAXVALUE
    CACHE 1
);


--
-- Name: django_admin_log; Type: TABLE; Schema: public; Owner: postgres
--

CREATE TABLE public.django_admin_log (
    id integer NOT NULL,
    action_time timestamp with time zone NOT NULL,
    object_id text,
    object_repr character varying(200) NOT NULL,
    action_flag smallint NOT NULL,
    change_message text NOT NULL,
    content_type_id integer,
    user_id integer NOT NULL,
    CONSTRAINT django_admin_log_action_flag_check CHECK ((action_flag >= 0))
);


ALTER TABLE public.django_admin_log OWNER TO postgres;

--
-- Name: django_admin_log_id_seq; Type: SEQUENCE; Schema: public; Owner: postgres
--

ALTER TABLE public.django_admin_log ALTER COLUMN id ADD GENERATED BY DEFAULT AS IDENTITY (
    SEQUENCE NAME public.django_admin_log_id_seq
    START WITH 1
    INCREMENT BY 1
    NO MINVALUE
    NO MAXVALUE
    CACHE 1
);


--
-- Name: django_content_type; Type: TABLE; Schema: public; Owner: postgres
--

CREATE TABLE public.django_content_type (
    id integer NOT NULL,
    app_label character varying(100) NOT NULL,
    model character varying(100) NOT NULL
);


ALTER TABLE public.django_content_type OWNER TO postgres;

--
-- Name: django_content_type_id_seq; Type: SEQUENCE; Schema: public; Owner: postgres
--

ALTER TABLE public.django_content_type ALTER COLUMN id ADD GENERATED BY DEFAULT AS IDENTITY (
    SEQUENCE NAME public.django_content_type_id_seq
    START WITH 1
    INCREMENT BY 1
    NO MINVALUE
    NO MAXVALUE
    CACHE 1
);


--
-- Name: django_migrations; Type: TABLE; Schema: public; Owner: postgres
--

CREATE TABLE public.django_migrations (
    id bigint NOT NULL,
    app character varying(255) NOT NULL,
    name character varying(255) NOT NULL,
    applied timestamp with time zone NOT NULL
);


ALTER TABLE public.django_migrations OWNER TO postgres;

--
-- Name: django_migrations_id_seq; Type: SEQUENCE; Schema: public; Owner: postgres
--

ALTER TABLE public.django_migrations ALTER COLUMN id ADD GENERATED BY DEFAULT AS IDENTITY (
    SEQUENCE NAME public.django_migrations_id_seq
    START WITH 1
    INCREMENT BY 1
    NO MINVALUE
    NO MAXVALUE
    CACHE 1
);


--
-- Name: django_session; Type: TABLE; Schema: public; Owner: postgres
--

CREATE TABLE public.django_session (
    session_key character varying(40) NOT NULL,
    session_data text NOT NULL,
    expire_date timestamp with time zone NOT NULL
);


ALTER TABLE public.django_session OWNER TO postgres;

--
-- Name: dota2builds_build; Type: TABLE; Schema: public; Owner: postgres
--

CREATE TABLE public.dota2builds_build (
    id bigint NOT NULL,
    name character varying(30) NOT NULL,
    owner_id integer,
    hero_id bigint NOT NULL
);


ALTER TABLE public.dota2builds_build OWNER TO postgres;

--
-- Name: dota2builds_build_id_seq; Type: SEQUENCE; Schema: public; Owner: postgres
--

ALTER TABLE public.dota2builds_build ALTER COLUMN id ADD GENERATED BY DEFAULT AS IDENTITY (
    SEQUENCE NAME public.dota2builds_build_id_seq
    START WITH 1
    INCREMENT BY 1
    NO MINVALUE
    NO MAXVALUE
    CACHE 1
);


--
-- Name: dota2builds_builditeminfo; Type: TABLE; Schema: public; Owner: postgres
--

CREATE TABLE public.dota2builds_builditeminfo (
    id bigint NOT NULL,
    "order" smallint NOT NULL,
    description text NOT NULL,
    build_id bigint NOT NULL,
    item_id bigint NOT NULL,
    CONSTRAINT dota2builds_builditeminfo_order_check CHECK (("order" >= 0))
);


ALTER TABLE public.dota2builds_builditeminfo OWNER TO postgres;

--
-- Name: dota2builds_builditeminfo_id_seq; Type: SEQUENCE; Schema: public; Owner: postgres
--

ALTER TABLE public.dota2builds_builditeminfo ALTER COLUMN id ADD GENERATED BY DEFAULT AS IDENTITY (
    SEQUENCE NAME public.dota2builds_builditeminfo_id_seq
    START WITH 1
    INCREMENT BY 1
    NO MINVALUE
    NO MAXVALUE
    CACHE 1
);


--
-- Name: dota2builds_hero; Type: TABLE; Schema: public; Owner: postgres
--

CREATE TABLE public.dota2builds_hero (
    id bigint NOT NULL,
    name character varying(30) NOT NULL,
    slug character varying(50) NOT NULL
);


ALTER TABLE public.dota2builds_hero OWNER TO postgres;

--
-- Name: dota2builds_hero_id_seq; Type: SEQUENCE; Schema: public; Owner: postgres
--

ALTER TABLE public.dota2builds_hero ALTER COLUMN id ADD GENERATED BY DEFAULT AS IDENTITY (
    SEQUENCE NAME public.dota2builds_hero_id_seq
    START WITH 1
    INCREMENT BY 1
    NO MINVALUE
    NO MAXVALUE
    CACHE 1
);


--
-- Name: dota2builds_item; Type: TABLE; Schema: public; Owner: postgres
--

CREATE TABLE public.dota2builds_item (
    id bigint NOT NULL,
    name character varying(30) NOT NULL,
    slug character varying(50) NOT NULL
);


ALTER TABLE public.dota2builds_item OWNER TO postgres;

--
-- Name: dota2builds_item_id_seq; Type: SEQUENCE; Schema: public; Owner: postgres
--

ALTER TABLE public.dota2builds_item ALTER COLUMN id ADD GENERATED BY DEFAULT AS IDENTITY (
    SEQUENCE NAME public.dota2builds_item_id_seq
    START WITH 1
    INCREMENT BY 1
    NO MINVALUE
    NO MAXVALUE
    CACHE 1
);


--
-- Name: social_auth_association; Type: TABLE; Schema: public; Owner: postgres
--

CREATE TABLE public.social_auth_association (
    id bigint NOT NULL,
    server_url character varying(255) NOT NULL,
    handle character varying(255) NOT NULL,
    secret character varying(255) NOT NULL,
    issued integer NOT NULL,
    lifetime integer NOT NULL,
    assoc_type character varying(64) NOT NULL
);


ALTER TABLE public.social_auth_association OWNER TO postgres;

--
-- Name: social_auth_association_id_seq; Type: SEQUENCE; Schema: public; Owner: postgres
--

ALTER TABLE public.social_auth_association ALTER COLUMN id ADD GENERATED BY DEFAULT AS IDENTITY (
    SEQUENCE NAME public.social_auth_association_id_seq
    START WITH 1
    INCREMENT BY 1
    NO MINVALUE
    NO MAXVALUE
    CACHE 1
);


--
-- Name: social_auth_code; Type: TABLE; Schema: public; Owner: postgres
--

CREATE TABLE public.social_auth_code (
    id bigint NOT NULL,
    email character varying(254) NOT NULL,
    code character varying(32) NOT NULL,
    verified boolean NOT NULL,
    "timestamp" timestamp with time zone NOT NULL
);


ALTER TABLE public.social_auth_code OWNER TO postgres;

--
-- Name: social_auth_code_id_seq; Type: SEQUENCE; Schema: public; Owner: postgres
--

ALTER TABLE public.social_auth_code ALTER COLUMN id ADD GENERATED BY DEFAULT AS IDENTITY (
    SEQUENCE NAME public.social_auth_code_id_seq
    START WITH 1
    INCREMENT BY 1
    NO MINVALUE
    NO MAXVALUE
    CACHE 1
);


--
-- Name: social_auth_nonce; Type: TABLE; Schema: public; Owner: postgres
--

CREATE TABLE public.social_auth_nonce (
    id bigint NOT NULL,
    server_url character varying(255) NOT NULL,
    "timestamp" integer NOT NULL,
    salt character varying(65) NOT NULL
);


ALTER TABLE public.social_auth_nonce OWNER TO postgres;

--
-- Name: social_auth_nonce_id_seq; Type: SEQUENCE; Schema: public; Owner: postgres
--

ALTER TABLE public.social_auth_nonce ALTER COLUMN id ADD GENERATED BY DEFAULT AS IDENTITY (
    SEQUENCE NAME public.social_auth_nonce_id_seq
    START WITH 1
    INCREMENT BY 1
    NO MINVALUE
    NO MAXVALUE
    CACHE 1
);


--
-- Name: social_auth_partial; Type: TABLE; Schema: public; Owner: postgres
--

CREATE TABLE public.social_auth_partial (
    id bigint NOT NULL,
    token character varying(32) NOT NULL,
    next_step smallint NOT NULL,
    backend character varying(32) NOT NULL,
    "timestamp" timestamp with time zone NOT NULL,
    data jsonb NOT NULL,
    CONSTRAINT social_auth_partial_next_step_check CHECK ((next_step >= 0))
);


ALTER TABLE public.social_auth_partial OWNER TO postgres;

--
-- Name: social_auth_partial_id_seq; Type: SEQUENCE; Schema: public; Owner: postgres
--

ALTER TABLE public.social_auth_partial ALTER COLUMN id ADD GENERATED BY DEFAULT AS IDENTITY (
    SEQUENCE NAME public.social_auth_partial_id_seq
    START WITH 1
    INCREMENT BY 1
    NO MINVALUE
    NO MAXVALUE
    CACHE 1
);


--
-- Name: social_auth_usersocialauth; Type: TABLE; Schema: public; Owner: postgres
--

CREATE TABLE public.social_auth_usersocialauth (
    id bigint NOT NULL,
    provider character varying(32) NOT NULL,
    uid character varying(255) NOT NULL,
    user_id integer NOT NULL,
    created timestamp with time zone NOT NULL,
    modified timestamp with time zone NOT NULL,
    extra_data jsonb NOT NULL,
    CONSTRAINT user_social_auth_uid_required CHECK ((NOT ((uid)::text = ''::text)))
);


ALTER TABLE public.social_auth_usersocialauth OWNER TO postgres;

--
-- Name: social_auth_usersocialauth_id_seq; Type: SEQUENCE; Schema: public; Owner: postgres
--

ALTER TABLE public.social_auth_usersocialauth ALTER COLUMN id ADD GENERATED BY DEFAULT AS IDENTITY (
    SEQUENCE NAME public.social_auth_usersocialauth_id_seq
    START WITH 1
    INCREMENT BY 1
    NO MINVALUE
    NO MAXVALUE
    CACHE 1
);


--
-- Name: socialaccount_socialaccount; Type: TABLE; Schema: public; Owner: postgres
--

CREATE TABLE public.socialaccount_socialaccount (
    id integer NOT NULL,
    provider character varying(200) NOT NULL,
    uid character varying(191) NOT NULL,
    last_login timestamp with time zone NOT NULL,
    date_joined timestamp with time zone NOT NULL,
    extra_data jsonb NOT NULL,
    user_id integer NOT NULL
);


ALTER TABLE public.socialaccount_socialaccount OWNER TO postgres;

--
-- Name: socialaccount_socialaccount_id_seq; Type: SEQUENCE; Schema: public; Owner: postgres
--

ALTER TABLE public.socialaccount_socialaccount ALTER COLUMN id ADD GENERATED BY DEFAULT AS IDENTITY (
    SEQUENCE NAME public.socialaccount_socialaccount_id_seq
    START WITH 1
    INCREMENT BY 1
    NO MINVALUE
    NO MAXVALUE
    CACHE 1
);


--
-- Name: socialaccount_socialapp; Type: TABLE; Schema: public; Owner: postgres
--

CREATE TABLE public.socialaccount_socialapp (
    id integer NOT NULL,
    provider character varying(30) NOT NULL,
    name character varying(40) NOT NULL,
    client_id character varying(191) NOT NULL,
    secret character varying(191) NOT NULL,
    key character varying(191) NOT NULL,
    provider_id character varying(200) NOT NULL,
    settings jsonb NOT NULL
);


ALTER TABLE public.socialaccount_socialapp OWNER TO postgres;

--
-- Name: socialaccount_socialapp_id_seq; Type: SEQUENCE; Schema: public; Owner: postgres
--

ALTER TABLE public.socialaccount_socialapp ALTER COLUMN id ADD GENERATED BY DEFAULT AS IDENTITY (
    SEQUENCE NAME public.socialaccount_socialapp_id_seq
    START WITH 1
    INCREMENT BY 1
    NO MINVALUE
    NO MAXVALUE
    CACHE 1
);


--
-- Name: socialaccount_socialtoken; Type: TABLE; Schema: public; Owner: postgres
--

CREATE TABLE public.socialaccount_socialtoken (
    id integer NOT NULL,
    token text NOT NULL,
    token_secret text NOT NULL,
    expires_at timestamp with time zone,
    account_id integer NOT NULL,
    app_id integer
);


ALTER TABLE public.socialaccount_socialtoken OWNER TO postgres;

--
-- Name: socialaccount_socialtoken_id_seq; Type: SEQUENCE; Schema: public; Owner: postgres
--

ALTER TABLE public.socialaccount_socialtoken ALTER COLUMN id ADD GENERATED BY DEFAULT AS IDENTITY (
    SEQUENCE NAME public.socialaccount_socialtoken_id_seq
    START WITH 1
    INCREMENT BY 1
    NO MINVALUE
    NO MAXVALUE
    CACHE 1
);


--
-- Data for Name: account_emailaddress; Type: TABLE DATA; Schema: public; Owner: postgres
--

COPY public.account_emailaddress (id, email, verified, "primary", user_id) FROM stdin;
18	rootemail@gg.com	t	t	17
19	noemail3@gg.com	t	t	19
16	noemail2@gg.com	t	t	18
20	noemail1@gg.com	t	t	2
\.


--
-- Data for Name: account_emailconfirmation; Type: TABLE DATA; Schema: public; Owner: postgres
--

COPY public.account_emailconfirmation (id, created, sent, key, email_address_id) FROM stdin;
\.


--
-- Data for Name: auth_group; Type: TABLE DATA; Schema: public; Owner: postgres
--

COPY public.auth_group (id, name) FROM stdin;
\.


--
-- Data for Name: auth_group_permissions; Type: TABLE DATA; Schema: public; Owner: postgres
--

COPY public.auth_group_permissions (id, group_id, permission_id) FROM stdin;
\.


--
-- Data for Name: auth_permission; Type: TABLE DATA; Schema: public; Owner: postgres
--

COPY public.auth_permission (id, name, content_type_id, codename) FROM stdin;
1	Can add log entry	1	add_logentry
2	Can change log entry	1	change_logentry
3	Can delete log entry	1	delete_logentry
4	Can view log entry	1	view_logentry
5	Can add permission	2	add_permission
6	Can change permission	2	change_permission
7	Can delete permission	2	delete_permission
8	Can view permission	2	view_permission
9	Can add group	3	add_group
10	Can change group	3	change_group
11	Can delete group	3	delete_group
12	Can view group	3	view_group
13	Can add user	4	add_user
14	Can change user	4	change_user
15	Can delete user	4	delete_user
16	Can view user	4	view_user
17	Can add content type	5	add_contenttype
18	Can change content type	5	change_contenttype
19	Can delete content type	5	delete_contenttype
20	Can view content type	5	view_contenttype
21	Can add session	6	add_session
22	Can change session	6	change_session
23	Can delete session	6	delete_session
24	Can view session	6	view_session
25	Can add email address	7	add_emailaddress
26	Can change email address	7	change_emailaddress
27	Can delete email address	7	delete_emailaddress
28	Can view email address	7	view_emailaddress
29	Can add email confirmation	8	add_emailconfirmation
30	Can change email confirmation	8	change_emailconfirmation
31	Can delete email confirmation	8	delete_emailconfirmation
32	Can view email confirmation	8	view_emailconfirmation
33	Can add social account	9	add_socialaccount
34	Can change social account	9	change_socialaccount
35	Can delete social account	9	delete_socialaccount
36	Can view social account	9	view_socialaccount
37	Can add social application	10	add_socialapp
38	Can change social application	10	change_socialapp
39	Can delete social application	10	delete_socialapp
40	Can view social application	10	view_socialapp
41	Can add social application token	11	add_socialtoken
42	Can change social application token	11	change_socialtoken
43	Can delete social application token	11	delete_socialtoken
44	Can view social application token	11	view_socialtoken
45	Can add hero	12	add_hero
46	Can change hero	12	change_hero
47	Can delete hero	12	delete_hero
48	Can view hero	12	view_hero
49	Can add item	13	add_item
50	Can change item	13	change_item
51	Can delete item	13	delete_item
52	Can view item	13	view_item
53	Can add build	14	add_build
54	Can change build	14	change_build
55	Can delete build	14	delete_build
56	Can view build	14	view_build
57	Can add build item info	15	add_builditeminfo
58	Can change build item info	15	change_builditeminfo
59	Can delete build item info	15	delete_builditeminfo
60	Can view build item info	15	view_builditeminfo
\.


--
-- Data for Name: auth_user; Type: TABLE DATA; Schema: public; Owner: postgres
--

COPY public.auth_user (id, password, last_login, is_superuser, username, first_name, last_name, email, is_staff, is_active, date_joined) FROM stdin;
17	pbkdf2_sha256$1000000$hwR1EznbtsUAHsnkes7VTn$n+/yus2fX26PYL46/yNZzOowpkmsltQREPIQAfDMekw=	2025-07-24 10:36:06.421364+00	t	root			rootemail@gg.com	t	t	2025-07-24 10:35:56.987507+00
2	pbkdf2_sha256$1000000$Ez2dQbotu1u0OrqOZjqlhf$7ZutRwX1IxpI7DnxZG4vb/mMxgGu28dBeZwj1QIkrqE=	2025-07-24 10:27:27+00	f	user1			noemail1@gg.com	f	t	2025-07-07 15:13:38+00
18	pbkdf2_sha256$1000000$inmjCBU0O9VMjUUgXJCztI$jM9NChMtfztX4Bp1GYa0ASvmYkaRLObGJ03WkswwREw=	2025-07-24 10:39:31.784897+00	f	user2			noemail2@gg.com	f	t	2025-07-24 10:36:50+00
19	pbkdf2_sha256$1000000$kYaMTlvfqPK00fB58nTDv2$WKgw06h6UBhiemw2yXSRjb4LaVY7h3unGSgn+fGsfHc=	2025-07-24 10:43:38.920002+00	f	user3			noemail3@gg.com	f	t	2025-07-24 10:37:21+00
\.


--
-- Data for Name: auth_user_groups; Type: TABLE DATA; Schema: public; Owner: postgres
--

COPY public.auth_user_groups (id, user_id, group_id) FROM stdin;
\.


--
-- Data for Name: auth_user_user_permissions; Type: TABLE DATA; Schema: public; Owner: postgres
--

COPY public.auth_user_user_permissions (id, user_id, permission_id) FROM stdin;
\.


--
-- Data for Name: django_admin_log; Type: TABLE DATA; Schema: public; Owner: postgres
--

COPY public.django_admin_log (id, action_time, object_id, object_repr, action_flag, change_message, content_type_id, user_id) FROM stdin;
89	2025-07-24 10:36:19.212385+00	1	admin	3		4	17
90	2025-07-24 10:36:36.138648+00	18	rootemail@gg.com	1	[{"added": {}}]	7	17
91	2025-07-24 10:36:51.566748+00	18	user2	1	[{"added": {}}]	4	17
92	2025-07-24 10:37:10.101623+00	18	user2	2	[{"changed": {"fields": ["Email address"]}}]	4	17
93	2025-07-24 10:37:21.874335+00	19	user3	1	[{"added": {}}]	4	17
94	2025-07-24 10:37:33.519587+00	19	user3	2	[{"changed": {"fields": ["Email address"]}}]	4	17
95	2025-07-24 10:37:48.549926+00	19	noemail3@gg.com	1	[{"added": {}}]	7	17
96	2025-07-24 10:38:09.244025+00	2	user1	2	[{"changed": {"fields": ["Email address"]}}]	4	17
97	2025-07-24 10:38:38.999681+00	19	noemail3@gg.com	2	[{"changed": {"fields": ["User"]}}]	7	17
98	2025-07-24 10:38:44.215962+00	16	noemail2@gg.com	2	[{"changed": {"fields": ["User"]}}]	7	17
99	2025-07-24 10:38:53.403207+00	20	noemail1@gg.com	1	[{"added": {}}]	7	17
\.


--
-- Data for Name: django_content_type; Type: TABLE DATA; Schema: public; Owner: postgres
--

COPY public.django_content_type (id, app_label, model) FROM stdin;
1	admin	logentry
2	auth	permission
3	auth	group
4	auth	user
5	contenttypes	contenttype
6	sessions	session
7	account	emailaddress
8	account	emailconfirmation
9	socialaccount	socialaccount
10	socialaccount	socialapp
11	socialaccount	socialtoken
12	dota2builds	hero
13	dota2builds	item
14	dota2builds	build
15	dota2builds	builditeminfo
\.


--
-- Data for Name: django_migrations; Type: TABLE DATA; Schema: public; Owner: postgres
--

COPY public.django_migrations (id, app, name, applied) FROM stdin;
1	contenttypes	0001_initial	2025-07-24 09:33:10.859892+00
2	auth	0001_initial	2025-07-24 09:33:10.902236+00
3	account	0001_initial	2025-07-24 09:33:10.930292+00
4	account	0002_email_max_length	2025-07-24 09:33:10.941353+00
5	account	0003_alter_emailaddress_create_unique_verified_email	2025-07-24 09:33:10.958018+00
6	account	0004_alter_emailaddress_drop_unique_email	2025-07-24 09:33:10.973885+00
7	account	0005_emailaddress_idx_upper_email	2025-07-24 09:33:10.983031+00
8	account	0006_emailaddress_lower	2025-07-24 09:33:10.994791+00
9	account	0007_emailaddress_idx_email	2025-07-24 09:33:11.012863+00
10	account	0008_emailaddress_unique_primary_email_fixup	2025-07-24 09:33:11.025502+00
11	account	0009_emailaddress_unique_primary_email	2025-07-24 09:33:11.035746+00
12	admin	0001_initial	2025-07-24 09:33:11.05265+00
13	admin	0002_logentry_remove_auto_add	2025-07-24 09:33:11.060555+00
14	admin	0003_logentry_add_action_flag_choices	2025-07-24 09:33:11.070019+00
15	contenttypes	0002_remove_content_type_name	2025-07-24 09:33:11.090582+00
16	auth	0002_alter_permission_name_max_length	2025-07-24 09:33:11.102936+00
17	auth	0003_alter_user_email_max_length	2025-07-24 09:33:11.11682+00
18	auth	0004_alter_user_username_opts	2025-07-24 09:33:11.128925+00
19	auth	0005_alter_user_last_login_null	2025-07-24 09:33:11.14305+00
20	auth	0006_require_contenttypes_0002	2025-07-24 09:33:11.144907+00
21	auth	0007_alter_validators_add_error_messages	2025-07-24 09:33:11.154735+00
22	auth	0008_alter_user_username_max_length	2025-07-24 09:33:11.164669+00
23	auth	0009_alter_user_last_name_max_length	2025-07-24 09:33:11.174731+00
24	auth	0010_alter_group_name_max_length	2025-07-24 09:33:11.187812+00
25	auth	0011_update_proxy_permissions	2025-07-24 09:33:11.198833+00
26	auth	0012_alter_user_first_name_max_length	2025-07-24 09:33:11.208092+00
27	dota2builds	0001_initial	2025-07-24 09:33:11.250433+00
28	dota2builds	0002_remove_item_image_alter_build_owner	2025-07-24 09:33:11.270794+00
29	dota2builds	0003_alter_builditeminfo_build_and_more	2025-07-24 09:33:11.291004+00
30	sessions	0001_initial	2025-07-24 09:33:11.299218+00
31	socialaccount	0001_initial	2025-07-24 09:33:11.349022+00
32	socialaccount	0002_token_max_lengths	2025-07-24 09:33:11.370005+00
33	socialaccount	0003_extra_data_default_dict	2025-07-24 09:33:11.382737+00
34	socialaccount	0004_app_provider_id_settings	2025-07-24 09:33:11.402877+00
35	socialaccount	0005_socialtoken_nullable_app	2025-07-24 09:33:11.422041+00
36	socialaccount	0006_alter_socialaccount_extra_data	2025-07-24 09:33:11.435683+00
\.


--
-- Data for Name: django_session; Type: TABLE DATA; Schema: public; Owner: postgres
--

COPY public.django_session (session_key, session_data, expire_date) FROM stdin;
6qzyw8rquagylkpwut8lv1fmgcx7u6uw	.eJxVjMsOwiAQRf-FtSGAPF267zcQZgakaiAp7cr479qkC93ec859sZi2tcZt5CXOxC5MstPvBgkfue2A7qndOsfe1mUGviv8oINPnfLzerh_BzWN-q0TGAhotT2bYMhKqSEL710BUEIhaU8ZjTDFaUnBCltQUVEZFLqgpWHvD-GtN9Y:1uYlPH:qcU6aTrIryicoiRTBGk1uPt0L6NACKJPReYcgUCKd6w	2025-07-21 12:57:15.328143+00
ckgbbb91wb2dzeafhncejir6kmz76zbj	.eJxVjMsOwiAQRf-FtSGAPF267zcQZgakaiAp7cr479qkC93ec859sZi2tcZt5CXOxC5MstPvBgkfue2A7qndOsfe1mUGviv8oINPnfLzerh_BzWN-q0TGAhotT2bYMhKqSEL710BUEIhaU8ZjTDFaUnBCltQUVEZFLqgpWHvD-GtN9Y:1ueFwu:akpAh-LXKdiH5WW7MGwlRitabovN4bxdSIy16CDJNkw	2025-08-05 16:34:40.013509+00
au4onfjaedm8kksrpsjuwhor4ncorg5q	.eJxVjMsOwiAQRf-FtSGAPF267zcQZgakaiAp7cr479qkC93ec859sZi2tcZt5CXOxC5MstPvBgkfue2A7qndOsfe1mUGviv8oINPnfLzerh_BzWN-q0TGAhotT2bYMhKqSEL710BUEIhaU8ZjTDFaUnBCltQUVEZFLqgpWHvD-GtN9Y:1uaCjV:M6qK-ULcE6NX6Jfn0GGixJz6pgs75EyUdwHG8wydX7A	2025-07-25 12:20:05.044481+00
q8dsdob5fsst7judvzyz7u8l2ha6lwnl	.eJy9VNtO4zAQ_Rc_l9axHcfOGyCV7gJlKy4FVihyHLcJTZOQOL2q_76TltJFWq1WKto3e27nzHh81khpndeZDWamTEaJiQIzVUmK_KxO09aHV9U2NplNtLJJngVTY-M8qpD_c412Z-SjQlXVPC8jBGkW-Y7nUkdyz6Ftx5WSUN5CdWXKTE0NRA-GaNP6ezZxBRW4zYkjGBWfsh1MhHfCJNq8tFBQmapqaJlFkZRL5GOw7esFpamMDSYG7EhbvcrsCfaYjDTX3kiFXBsiyIhKLUQkR8IVoQAOVa4Tle7br6yyBtpdo3AQ49eFCKW7-OYN-2w7gqLMNVAAgDQfJxmkR8qq_QyLiTaBziOzn3G582xauxFJASNirnQYh2bGfba8Hi3G8vlu1SO30REALZSZBcwSddABi-O2wFxiCVh94vXPEn1PT390ibp4-gqs2NrC73TSXKs0zivrC4xxp9mfTpWMs7r4nYz02oy4zMUC2JSDSy3cOX-bkeLs-_Pqv7IhYKcO7BrFHifA5rl7fX95JZ9u8eqRmAdx9EM3CAy22WGMShcQ3F54_nbBH8fLh5vVcnpMvwcEj7aFdByPNwjd-SLudvns9nFAX--vTr8CwaGs7RCCm10drno3N72HcC6v6uI1q76iPmXwGaSUzGl2woSXd-fDeOm48ej87Ck5HqHRFN4mWHLXpS-bg8TtasEXb2QmKCZQnkDprRy-l9qpHzimKgPIHLQGlGK7R8gfqbQysMUmSkqjbVCXHyr6SVKLOM_M_tIkqzSYzFU5rj6Mjdo0TOAw3snOllwQLreNNYZdx2vgHwOX1IBO2LI2cN9SXQbvMP8Q-c7uEAkuXZcl6D20-imocSVZYhMgGAV_1unN5hdDmhHR:1ueUb4:qLDkpqH-QMGu0FsxOWbHhZQHmqpvqIGKuVZV2tDFu5Y	2025-08-06 08:13:06.209655+00
f1ipq4kelx1jvup28jlhfnv88xpxfbb3	.eJxVkEluhDAQRe9Sa4Q8YswufY0osgpTHazQgLDJIMTdYzoswq706_9Xwwbo_bSOyeGaehpT8JjCNLoHpX7qIjSvG_zV0MCMMX5NSwcFYIKGGy2FrmWlSmt5VVlRwBppGfFB2c2FhL34F4-TDzicA68MxXRpK26FlgXMy_QZOlpy5D2kfm2zdw0HwTCmWbbD_laAixTjsSt9z2H5gYYV1xEuJkyUb9j27D4OdMd67oniCi5ii_6DxqODw3DI5Ukpn56zHcuXy59uZ-qC6jH2mcO88kqgIc_UXXMjsdZK1Ebx1iouuyySaiuDtWFakbgLw4l3LUqqNKs57L8Qy4Ys:1ueUbN:csFUobtw3sEYiiupS9Wlrpv31_pZhyZ8qUmRFsO4_e4	2025-08-06 08:13:25.985925+00
o0fssuf53xx2pbq2848867s7b9nl056r	.eJxVjMEOwiAQRP-FsyEC3W7x6N1vIAu7laqBpLQn47_bJj3oaZJ5b-atAq1LDmuTOUysLsqgOv2WkdJTyk74QeVedaplmaeod0UftOlbZXldD_fvIFPL2xoJEothseBw6AY04IzxFmF0CZMFAgBP0m0Rz-wJ0RF56R3A2INRny_t9zcq:1uetJ0:utDcq_89jvRuh80tNtkivY0l_YOdnvz6Ps2WGqgqlww	2025-08-07 10:36:06.423661+00
c7ad99853j1dr7i604yxyfyp04tmjdr6	.eJxVkMFuwyAMht_F5whBDAvkuHufYJoiB8ySbYUqELVT1Xdf2Xrp7bf_z9_BVyDv857qRHtdONXVU11zmo5clxwKjG9X-M8wwolKOectQAdUYVSDQTRolRVOobTadLAX3hId-U63iHB77-BPPrV5WptHOXhazuS_OLUmfFL6yMLnVLd1Fg0Rj7aIQw78_fpgnwQLleV-ra1E8kHOJprwIm0kg9z3g6SorVGmt54Ro2bVk3bODr2Ug_ZoyaOMzjRp4VLaA_hyWrcfGOXtF1s6X3c:1uetQI:A0QHdX-5MVsYKcevkNEGONrbx5QeunhkWJBVe1TFvMg	2025-08-07 10:43:38.92381+00
\.


--
-- Data for Name: dota2builds_build; Type: TABLE DATA; Schema: public; Owner: postgres
--

COPY public.dota2builds_build (id, name, owner_id, hero_id) FROM stdin;
31	test	2	1
32	omega	2	2
33	beastomg	18	2
34	weohnjigfd	18	5
35	kasm	18	3
36	lovedazzle	19	4
37	loveit	19	3
\.


--
-- Data for Name: dota2builds_builditeminfo; Type: TABLE DATA; Schema: public; Owner: postgres
--

COPY public.dota2builds_builditeminfo (id, "order", description, build_id, item_id) FROM stdin;
79	0		36	88
80	1		36	86
81	2		36	85
82	3	grewrww	36	39
83	4		36	9
84	5	imba	36	11
52	0	Бегага	31	68
53	1		31	74
54	2		31	75
55	3		31	69
56	4		31	39
57	0		32	51
58	1		32	58
59	2		32	61
60	3	iafoai	32	75
61	4		32	57
62	5		32	78
63	0		33	24
64	1		33	56
65	2		33	101
66	3		33	97
67	4		33	108
68	5		33	14
69	0		34	112
70	1		34	14
71	2		34	138
72	3		34	160
73	4		34	10
74	0		35	109
75	1		35	142
76	2		35	130
77	3		35	172
78	4		35	13
85	0		37	143
86	1		37	86
87	2		37	77
88	3	eeee	37	43
89	4		37	113
90	5	???	37	184
\.


--
-- Data for Name: dota2builds_hero; Type: TABLE DATA; Schema: public; Owner: postgres
--

COPY public.dota2builds_hero (id, name, slug) FROM stdin;
1	Visage	visage
2	Beastmaster	beastmaster
3	Jakiro	jakiro
4	Dazzle	dazzle
5	Slardar	slardar
\.


--
-- Data for Name: dota2builds_item; Type: TABLE DATA; Schema: public; Owner: postgres
--

COPY public.dota2builds_item (id, name, slug) FROM stdin;
37	Circlet	circlet
38	Clarity	clarity
39	Claymore	claymore
4	Abyssal Blade	abyssal-blade
5	Aeon Disk	aeon-disk
6	Aether Lens	aether-lens
7	Aghanim's Blessing	aghanims-blessing
8	Aghanim's Scepter	aghanims-scepter
9	Aghanim's Shard	aghanims-shard
10	Arcane Blink	arcane-blink
11	Arcane Boots	arcane-boots
12	Armlet of Mordiggian	armlet-of-mordiggian
13	Assault Cuirass	assault-cuirass
14	Band of Elvenskin	band-of-elvenskin
15	Battle Fury	battle-fury
16	Belt of Strength	belt-of-strength
17	Black King Bar	black-king-bar
18	Blade of Alacrity	blade-of-alacrity
19	Blades of Attack	blades-of-attack
20	Blink Dagger	blink-dagger
21	Blitz Knuckles	blitz-knuckles
22	Block of Cheese	block-of-cheese
23	Blood Grenade	blood-grenade
24	Bloodstone	bloodstone
25	Bloodthorn	bloodthorn
26	Boots of Bearing	boots-of-bearing
27	Boots of Speed	boots-of-speed
28	Boots of Travel 2	boots-of-travel-2
29	Boots of Travel	boots-of-travel
30	Bottle	bottle
31	Bracer	bracer
32	Broadsword	broadsword
33	Buckler	buckler
34	Butterfly	butterfly
35	Chainmail	chainmail
36	Cheese	cheese
40	Cloak	cloak
41	Cornucopia	cornucopia
42	Crimson Guard	crimson-guard
43	Crown	crown
44	Crystalys	crystalys
45	Daedalus	daedalus
46	Dagon 2	dagon-2
47	Dagon 3	dagon-3
48	Dagon 4	dagon-4
49	Dagon 5	dagon-5
50	Dagon	dagon
51	Demon Edge	demon-edge
52	Desolator	desolator
53	Diadem	diadem
54	Diffusal Blade	diffusal-blade
55	Disperser	disperser
56	Divine Rapier	divine-rapier
57	Divine Rapier Magical	divine-rapier-magical
58	Dragon Lance	dragon-lance
59	Drum of Endurance	drum-of-endurance
60	Dust of Appearance	dust-of-appearance
61	Eagle Horn	eagle-horn
62	Echo Sabre	echo-sabre
63	Enchanted Mango	enchanted-mango
64	Energy Booster	energy-booster
65	Eternal Shroud	eternal-shroud
66	Ethereal Blade	ethereal-blade
67	Eul's Scepter of Divinity	euls-scepter-of-divinity
68	Eye of Skadi	eye-of-skadi
69	Faerie Fire	faerie-fire
70	Falcon Blade	falcon-blade
71	Fluffy Hat	fluffy-hat
72	Force Staff	force-staff
73	Gauntlets of Strength	gauntlets-of-strength
74	Gem of True Sight	gem-of-true-sight
75	Ghost Scepter	ghost-scepter
76	Gleipnir	gleipnir
77	Glimmer Cape	glimmer-cape
78	Gloves of Haste	gloves-of-haste
79	Great Healing Lotus	great-healing-lotus
80	Greater Faerie Fire	greater-faerie-fire
81	Greater Healing Lotus	greater-healing-lotus
82	Guardian Greaves	guardian-greaves
83	Hand of Midas	hand-of-midas
84	Harpoon	harpoon
85	Headdress	headdress
86	Healing Lotus	healing-lotus
87	Healing Salve	healing-salve
88	Heart of Tarrasque	heart-of-tarrasque
90	Helm of Iron Will	helm-of-iron-will
91	Helm of the Dominator	helm-of-the-dominator
92	Helm of the Overlord	helm-of-the-overlord
93	Holy Locket	holy-locket
94	Hurricane Pike	hurricane-pike
95	Hyperstone	hyperstone
96	Infused Raindrops	infused-raindrops
97	Iron Branch	iron-branch
98	Iron Talon	iron-talon
99	Javelin	javelin
100	Kaya and Sange	kaya-and-sange
101	Kaya	kaya
102	Khanda	khanda
103	Linken's Sphere	linkens-sphere
104	Lotus Orb	lotus-orb
105	Maelstrom	maelstrom
106	Mage Slayer	mage-slayer
107	Magic Stick	magic-stick
108	Magic Wand	magic-wand
109	Manta Style	manta-style
110	Mantle of Intelligence	mantle-of-intelligence
111	Mask of Madness	mask-of-madness
112	Medallion of Courage	medallion-of-courage
113	Mekansm	mekansm
114	Meteor Hammer	meteor-hammer
115	Mithril Hammer	mithril-hammer
116	Mjollnir	mjollnir
117	Monkey King Bar	monkey-king-bar
118	Moon Shard	moon-shard
119	Morbid Mask	morbid-mask
120	Mystic Staff	mystic-staff
121	Null Talisman	null-talisman
122	Nullifier	nullifier
123	Oblivion Staff	oblivion-staff
124	Observer and Sentry Wards 1	observer-and-sentry-wards-1
125	Observer and Sentry Wards 2	observer-and-sentry-wards-2
126	Observer Ward	observer-ward
127	Octarine Core	octarine-core
128	Ogre Axe	ogre-axe
129	Orb of Blight	orb-of-blight
130	Orb of Corrosion	orb-of-corrosion
131	Orb of Frost	orb-of-frost
132	Orb of Venom	orb-of-venom
133	Orchid Malevolence	orchid-malevolence
134	Overwhelming Blink	overwhelming-blink
135	Parasma	parasma
136	Pavise	pavise
137	Perseverance	perseverance
138	Phase Boots	phase-boots
139	Phylactery	phylactery
140	Pipe of Insight	pipe-of-insight
141	Platemail	platemail
142	Point Booster	point-booster
143	Poor Man's Shield	poor-mans-shield
144	Power Treads Agility	power-treads-agility
145	Power Treads Intelligence	power-treads-intelligence
146	Power Treads	power-treads
147	Power Treads Strength	power-treads-strength
148	Quelling Blade	quelling-blade
149	Radiance	radiance
150	Reaver	reaver
151	Refresher Orb	refresher-orb
152	Refresher Shard	refresher-shard
153	Revenant's Brooch	revenants-brooch
89	Heaven's Halberd	heavens-halberd
154	Ring of Basilius	ring-of-basilius
155	Ring of Health	ring-of-health
156	Ring of Protection	ring-of-protection
157	Ring of Regen	ring-of-regen
158	Ring of Tarrasque	ring-of-tarrasque
159	Robe of the Magi	robe-of-the-magi
160	Rod of Atos	rod-of-atos
161	Sacred Relic	sacred-relic
162	Sage's Mask	sages-mask
163	Sange and Yasha	sange-and-yasha
164	Sange	sange
165	Satanic	satanic
166	Scythe of Vyse	scythe-of-vyse
167	Sentry Ward	sentry-ward
168	Shadow Amulet	shadow-amulet
169	Shadow Blade	shadow-blade
170	Shiva's Guard	shivas-guard
171	Silver Edge	silver-edge
172	Skull Basher	skull-basher
173	Slippers	slippers
174	Smoke of Deceit	smoke-of-deceit
175	Solar Crest	solar-crest
176	Soul Booster	soul-booster
177	Soul Ring	soul-ring
178	Spirit Vessel	spirit-vessel
179	Staff of Wizardry	staff-of-wizardry
180	Stout Shield	stout-shield
181	Swift Blink	swift-blink
182	Talisman of Evasion	talisman-of-evasion
183	Tango	tango
184	Tango Shared	tango-shared
186	Tome of Knowledge	tome-of-knowledge
187	Town Portal Scroll	town-portal-scroll
188	Tranquil Boots	tranquil-boots
189	Ultimate Orb	ultimate-orb
190	Urn of Shadows	urn-of-shadows
191	Vanguard	vanguard
192	Veil of Discord	veil-of-discord
193	Vitality Booster	vitality-booster
194	Vladimir's Offering	vladimirs-offering
195	Void Stone	void-stone
196	Voodoo Mask	voodoo-mask
197	Wind Lace	wind-lace
198	Wind Waker	wind-waker
199	Witch Blade	witch-blade
200	Wraith Band	wraith-band
201	Wraith Pact	wraith-pact
202	Yasha and Kaya	yasha-and-kaya
203	Yasha	yasha
185	Tiara of Selemene	tiara-of-selemene
\.


--
-- Data for Name: social_auth_association; Type: TABLE DATA; Schema: public; Owner: postgres
--

COPY public.social_auth_association (id, server_url, handle, secret, issued, lifetime, assoc_type) FROM stdin;
\.


--
-- Data for Name: social_auth_code; Type: TABLE DATA; Schema: public; Owner: postgres
--

COPY public.social_auth_code (id, email, code, verified, "timestamp") FROM stdin;
\.


--
-- Data for Name: social_auth_nonce; Type: TABLE DATA; Schema: public; Owner: postgres
--

COPY public.social_auth_nonce (id, server_url, "timestamp", salt) FROM stdin;
\.


--
-- Data for Name: social_auth_partial; Type: TABLE DATA; Schema: public; Owner: postgres
--

COPY public.social_auth_partial (id, token, next_step, backend, "timestamp", data) FROM stdin;
\.


--
-- Data for Name: social_auth_usersocialauth; Type: TABLE DATA; Schema: public; Owner: postgres
--

COPY public.social_auth_usersocialauth (id, provider, uid, user_id, created, modified, extra_data) FROM stdin;
\.


--
-- Data for Name: socialaccount_socialaccount; Type: TABLE DATA; Schema: public; Owner: postgres
--

COPY public.socialaccount_socialaccount (id, provider, uid, last_login, date_joined, extra_data, user_id) FROM stdin;
\.


--
-- Data for Name: socialaccount_socialapp; Type: TABLE DATA; Schema: public; Owner: postgres
--

COPY public.socialaccount_socialapp (id, provider, name, client_id, secret, key, provider_id, settings) FROM stdin;
\.


--
-- Data for Name: socialaccount_socialtoken; Type: TABLE DATA; Schema: public; Owner: postgres
--

COPY public.socialaccount_socialtoken (id, token, token_secret, expires_at, account_id, app_id) FROM stdin;
\.


--
-- Name: account_emailaddress_id_seq; Type: SEQUENCE SET; Schema: public; Owner: postgres
--

SELECT pg_catalog.setval('public.account_emailaddress_id_seq', 20, true);


--
-- Name: account_emailconfirmation_id_seq; Type: SEQUENCE SET; Schema: public; Owner: postgres
--

SELECT pg_catalog.setval('public.account_emailconfirmation_id_seq', 1, false);


--
-- Name: auth_group_id_seq; Type: SEQUENCE SET; Schema: public; Owner: postgres
--

SELECT pg_catalog.setval('public.auth_group_id_seq', 1, false);


--
-- Name: auth_group_permissions_id_seq; Type: SEQUENCE SET; Schema: public; Owner: postgres
--

SELECT pg_catalog.setval('public.auth_group_permissions_id_seq', 1, false);


--
-- Name: auth_permission_id_seq; Type: SEQUENCE SET; Schema: public; Owner: postgres
--

SELECT pg_catalog.setval('public.auth_permission_id_seq', 84, true);


--
-- Name: auth_user_groups_id_seq; Type: SEQUENCE SET; Schema: public; Owner: postgres
--

SELECT pg_catalog.setval('public.auth_user_groups_id_seq', 1, false);


--
-- Name: auth_user_id_seq; Type: SEQUENCE SET; Schema: public; Owner: postgres
--

SELECT pg_catalog.setval('public.auth_user_id_seq', 19, true);


--
-- Name: auth_user_user_permissions_id_seq; Type: SEQUENCE SET; Schema: public; Owner: postgres
--

SELECT pg_catalog.setval('public.auth_user_user_permissions_id_seq', 1, false);


--
-- Name: django_admin_log_id_seq; Type: SEQUENCE SET; Schema: public; Owner: postgres
--

SELECT pg_catalog.setval('public.django_admin_log_id_seq', 99, true);


--
-- Name: django_content_type_id_seq; Type: SEQUENCE SET; Schema: public; Owner: postgres
--

SELECT pg_catalog.setval('public.django_content_type_id_seq', 21, true);


--
-- Name: django_migrations_id_seq; Type: SEQUENCE SET; Schema: public; Owner: postgres
--

SELECT pg_catalog.setval('public.django_migrations_id_seq', 65, true);


--
-- Name: dota2builds_build_id_seq; Type: SEQUENCE SET; Schema: public; Owner: postgres
--

SELECT pg_catalog.setval('public.dota2builds_build_id_seq', 37, true);


--
-- Name: dota2builds_builditeminfo_id_seq; Type: SEQUENCE SET; Schema: public; Owner: postgres
--

SELECT pg_catalog.setval('public.dota2builds_builditeminfo_id_seq', 90, true);


--
-- Name: dota2builds_hero_id_seq; Type: SEQUENCE SET; Schema: public; Owner: postgres
--

SELECT pg_catalog.setval('public.dota2builds_hero_id_seq', 5, true);


--
-- Name: dota2builds_item_id_seq; Type: SEQUENCE SET; Schema: public; Owner: postgres
--

SELECT pg_catalog.setval('public.dota2builds_item_id_seq', 203, true);


--
-- Name: social_auth_association_id_seq; Type: SEQUENCE SET; Schema: public; Owner: postgres
--

SELECT pg_catalog.setval('public.social_auth_association_id_seq', 1, false);


--
-- Name: social_auth_code_id_seq; Type: SEQUENCE SET; Schema: public; Owner: postgres
--

SELECT pg_catalog.setval('public.social_auth_code_id_seq', 1, false);


--
-- Name: social_auth_nonce_id_seq; Type: SEQUENCE SET; Schema: public; Owner: postgres
--

SELECT pg_catalog.setval('public.social_auth_nonce_id_seq', 1, false);


--
-- Name: social_auth_partial_id_seq; Type: SEQUENCE SET; Schema: public; Owner: postgres
--

SELECT pg_catalog.setval('public.social_auth_partial_id_seq', 1, false);


--
-- Name: social_auth_usersocialauth_id_seq; Type: SEQUENCE SET; Schema: public; Owner: postgres
--

SELECT pg_catalog.setval('public.social_auth_usersocialauth_id_seq', 1, false);


--
-- Name: socialaccount_socialaccount_id_seq; Type: SEQUENCE SET; Schema: public; Owner: postgres
--

SELECT pg_catalog.setval('public.socialaccount_socialaccount_id_seq', 6, true);


--
-- Name: socialaccount_socialapp_id_seq; Type: SEQUENCE SET; Schema: public; Owner: postgres
--

SELECT pg_catalog.setval('public.socialaccount_socialapp_id_seq', 2, true);


--
-- Name: socialaccount_socialtoken_id_seq; Type: SEQUENCE SET; Schema: public; Owner: postgres
--

SELECT pg_catalog.setval('public.socialaccount_socialtoken_id_seq', 1, false);


--
-- Name: account_emailaddress account_emailaddress_pkey; Type: CONSTRAINT; Schema: public; Owner: postgres
--

ALTER TABLE ONLY public.account_emailaddress
    ADD CONSTRAINT account_emailaddress_pkey PRIMARY KEY (id);


--
-- Name: account_emailaddress account_emailaddress_user_id_email_987c8728_uniq; Type: CONSTRAINT; Schema: public; Owner: postgres
--

ALTER TABLE ONLY public.account_emailaddress
    ADD CONSTRAINT account_emailaddress_user_id_email_987c8728_uniq UNIQUE (user_id, email);


--
-- Name: account_emailconfirmation account_emailconfirmation_key_key; Type: CONSTRAINT; Schema: public; Owner: postgres
--

ALTER TABLE ONLY public.account_emailconfirmation
    ADD CONSTRAINT account_emailconfirmation_key_key UNIQUE (key);


--
-- Name: account_emailconfirmation account_emailconfirmation_pkey; Type: CONSTRAINT; Schema: public; Owner: postgres
--

ALTER TABLE ONLY public.account_emailconfirmation
    ADD CONSTRAINT account_emailconfirmation_pkey PRIMARY KEY (id);


--
-- Name: auth_group auth_group_name_key; Type: CONSTRAINT; Schema: public; Owner: postgres
--

ALTER TABLE ONLY public.auth_group
    ADD CONSTRAINT auth_group_name_key UNIQUE (name);


--
-- Name: auth_group_permissions auth_group_permissions_group_id_permission_id_0cd325b0_uniq; Type: CONSTRAINT; Schema: public; Owner: postgres
--

ALTER TABLE ONLY public.auth_group_permissions
    ADD CONSTRAINT auth_group_permissions_group_id_permission_id_0cd325b0_uniq UNIQUE (group_id, permission_id);


--
-- Name: auth_group_permissions auth_group_permissions_pkey; Type: CONSTRAINT; Schema: public; Owner: postgres
--

ALTER TABLE ONLY public.auth_group_permissions
    ADD CONSTRAINT auth_group_permissions_pkey PRIMARY KEY (id);


--
-- Name: auth_group auth_group_pkey; Type: CONSTRAINT; Schema: public; Owner: postgres
--

ALTER TABLE ONLY public.auth_group
    ADD CONSTRAINT auth_group_pkey PRIMARY KEY (id);


--
-- Name: auth_permission auth_permission_content_type_id_codename_01ab375a_uniq; Type: CONSTRAINT; Schema: public; Owner: postgres
--

ALTER TABLE ONLY public.auth_permission
    ADD CONSTRAINT auth_permission_content_type_id_codename_01ab375a_uniq UNIQUE (content_type_id, codename);


--
-- Name: auth_permission auth_permission_pkey; Type: CONSTRAINT; Schema: public; Owner: postgres
--

ALTER TABLE ONLY public.auth_permission
    ADD CONSTRAINT auth_permission_pkey PRIMARY KEY (id);


--
-- Name: auth_user_groups auth_user_groups_pkey; Type: CONSTRAINT; Schema: public; Owner: postgres
--

ALTER TABLE ONLY public.auth_user_groups
    ADD CONSTRAINT auth_user_groups_pkey PRIMARY KEY (id);


--
-- Name: auth_user_groups auth_user_groups_user_id_group_id_94350c0c_uniq; Type: CONSTRAINT; Schema: public; Owner: postgres
--

ALTER TABLE ONLY public.auth_user_groups
    ADD CONSTRAINT auth_user_groups_user_id_group_id_94350c0c_uniq UNIQUE (user_id, group_id);


--
-- Name: auth_user auth_user_pkey; Type: CONSTRAINT; Schema: public; Owner: postgres
--

ALTER TABLE ONLY public.auth_user
    ADD CONSTRAINT auth_user_pkey PRIMARY KEY (id);


--
-- Name: auth_user_user_permissions auth_user_user_permissions_pkey; Type: CONSTRAINT; Schema: public; Owner: postgres
--

ALTER TABLE ONLY public.auth_user_user_permissions
    ADD CONSTRAINT auth_user_user_permissions_pkey PRIMARY KEY (id);


--
-- Name: auth_user_user_permissions auth_user_user_permissions_user_id_permission_id_14a6b632_uniq; Type: CONSTRAINT; Schema: public; Owner: postgres
--

ALTER TABLE ONLY public.auth_user_user_permissions
    ADD CONSTRAINT auth_user_user_permissions_user_id_permission_id_14a6b632_uniq UNIQUE (user_id, permission_id);


--
-- Name: auth_user auth_user_username_key; Type: CONSTRAINT; Schema: public; Owner: postgres
--

ALTER TABLE ONLY public.auth_user
    ADD CONSTRAINT auth_user_username_key UNIQUE (username);


--
-- Name: django_admin_log django_admin_log_pkey; Type: CONSTRAINT; Schema: public; Owner: postgres
--

ALTER TABLE ONLY public.django_admin_log
    ADD CONSTRAINT django_admin_log_pkey PRIMARY KEY (id);


--
-- Name: django_content_type django_content_type_app_label_model_76bd3d3b_uniq; Type: CONSTRAINT; Schema: public; Owner: postgres
--

ALTER TABLE ONLY public.django_content_type
    ADD CONSTRAINT django_content_type_app_label_model_76bd3d3b_uniq UNIQUE (app_label, model);


--
-- Name: django_content_type django_content_type_pkey; Type: CONSTRAINT; Schema: public; Owner: postgres
--

ALTER TABLE ONLY public.django_content_type
    ADD CONSTRAINT django_content_type_pkey PRIMARY KEY (id);


--
-- Name: django_migrations django_migrations_pkey; Type: CONSTRAINT; Schema: public; Owner: postgres
--

ALTER TABLE ONLY public.django_migrations
    ADD CONSTRAINT django_migrations_pkey PRIMARY KEY (id);


--
-- Name: django_session django_session_pkey; Type: CONSTRAINT; Schema: public; Owner: postgres
--

ALTER TABLE ONLY public.django_session
    ADD CONSTRAINT django_session_pkey PRIMARY KEY (session_key);


--
-- Name: dota2builds_build dota2builds_build_pkey; Type: CONSTRAINT; Schema: public; Owner: postgres
--

ALTER TABLE ONLY public.dota2builds_build
    ADD CONSTRAINT dota2builds_build_pkey PRIMARY KEY (id);


--
-- Name: dota2builds_builditeminfo dota2builds_builditeminfo_build_id_item_id_fa9eea97_uniq; Type: CONSTRAINT; Schema: public; Owner: postgres
--

ALTER TABLE ONLY public.dota2builds_builditeminfo
    ADD CONSTRAINT dota2builds_builditeminfo_build_id_item_id_fa9eea97_uniq UNIQUE (build_id, item_id);


--
-- Name: dota2builds_builditeminfo dota2builds_builditeminfo_pkey; Type: CONSTRAINT; Schema: public; Owner: postgres
--

ALTER TABLE ONLY public.dota2builds_builditeminfo
    ADD CONSTRAINT dota2builds_builditeminfo_pkey PRIMARY KEY (id);


--
-- Name: dota2builds_hero dota2builds_hero_name_key; Type: CONSTRAINT; Schema: public; Owner: postgres
--

ALTER TABLE ONLY public.dota2builds_hero
    ADD CONSTRAINT dota2builds_hero_name_key UNIQUE (name);


--
-- Name: dota2builds_hero dota2builds_hero_pkey; Type: CONSTRAINT; Schema: public; Owner: postgres
--

ALTER TABLE ONLY public.dota2builds_hero
    ADD CONSTRAINT dota2builds_hero_pkey PRIMARY KEY (id);


--
-- Name: dota2builds_item dota2builds_item_name_key; Type: CONSTRAINT; Schema: public; Owner: postgres
--

ALTER TABLE ONLY public.dota2builds_item
    ADD CONSTRAINT dota2builds_item_name_key UNIQUE (name);


--
-- Name: dota2builds_item dota2builds_item_pkey; Type: CONSTRAINT; Schema: public; Owner: postgres
--

ALTER TABLE ONLY public.dota2builds_item
    ADD CONSTRAINT dota2builds_item_pkey PRIMARY KEY (id);


--
-- Name: social_auth_association social_auth_association_pkey; Type: CONSTRAINT; Schema: public; Owner: postgres
--

ALTER TABLE ONLY public.social_auth_association
    ADD CONSTRAINT social_auth_association_pkey PRIMARY KEY (id);


--
-- Name: social_auth_association social_auth_association_server_url_handle_078befa2_uniq; Type: CONSTRAINT; Schema: public; Owner: postgres
--

ALTER TABLE ONLY public.social_auth_association
    ADD CONSTRAINT social_auth_association_server_url_handle_078befa2_uniq UNIQUE (server_url, handle);


--
-- Name: social_auth_code social_auth_code_email_code_801b2d02_uniq; Type: CONSTRAINT; Schema: public; Owner: postgres
--

ALTER TABLE ONLY public.social_auth_code
    ADD CONSTRAINT social_auth_code_email_code_801b2d02_uniq UNIQUE (email, code);


--
-- Name: social_auth_code social_auth_code_pkey; Type: CONSTRAINT; Schema: public; Owner: postgres
--

ALTER TABLE ONLY public.social_auth_code
    ADD CONSTRAINT social_auth_code_pkey PRIMARY KEY (id);


--
-- Name: social_auth_nonce social_auth_nonce_pkey; Type: CONSTRAINT; Schema: public; Owner: postgres
--

ALTER TABLE ONLY public.social_auth_nonce
    ADD CONSTRAINT social_auth_nonce_pkey PRIMARY KEY (id);


--
-- Name: social_auth_nonce social_auth_nonce_server_url_timestamp_salt_f6284463_uniq; Type: CONSTRAINT; Schema: public; Owner: postgres
--

ALTER TABLE ONLY public.social_auth_nonce
    ADD CONSTRAINT social_auth_nonce_server_url_timestamp_salt_f6284463_uniq UNIQUE (server_url, "timestamp", salt);


--
-- Name: social_auth_partial social_auth_partial_pkey; Type: CONSTRAINT; Schema: public; Owner: postgres
--

ALTER TABLE ONLY public.social_auth_partial
    ADD CONSTRAINT social_auth_partial_pkey PRIMARY KEY (id);


--
-- Name: social_auth_usersocialauth social_auth_usersocialauth_pkey; Type: CONSTRAINT; Schema: public; Owner: postgres
--

ALTER TABLE ONLY public.social_auth_usersocialauth
    ADD CONSTRAINT social_auth_usersocialauth_pkey PRIMARY KEY (id);


--
-- Name: social_auth_usersocialauth social_auth_usersocialauth_provider_uid_e6b5e668_uniq; Type: CONSTRAINT; Schema: public; Owner: postgres
--

ALTER TABLE ONLY public.social_auth_usersocialauth
    ADD CONSTRAINT social_auth_usersocialauth_provider_uid_e6b5e668_uniq UNIQUE (provider, uid);


--
-- Name: socialaccount_socialaccount socialaccount_socialaccount_pkey; Type: CONSTRAINT; Schema: public; Owner: postgres
--

ALTER TABLE ONLY public.socialaccount_socialaccount
    ADD CONSTRAINT socialaccount_socialaccount_pkey PRIMARY KEY (id);


--
-- Name: socialaccount_socialaccount socialaccount_socialaccount_provider_uid_fc810c6e_uniq; Type: CONSTRAINT; Schema: public; Owner: postgres
--

ALTER TABLE ONLY public.socialaccount_socialaccount
    ADD CONSTRAINT socialaccount_socialaccount_provider_uid_fc810c6e_uniq UNIQUE (provider, uid);


--
-- Name: socialaccount_socialapp socialaccount_socialapp_pkey; Type: CONSTRAINT; Schema: public; Owner: postgres
--

ALTER TABLE ONLY public.socialaccount_socialapp
    ADD CONSTRAINT socialaccount_socialapp_pkey PRIMARY KEY (id);


--
-- Name: socialaccount_socialtoken socialaccount_socialtoken_app_id_account_id_fca4e0ac_uniq; Type: CONSTRAINT; Schema: public; Owner: postgres
--

ALTER TABLE ONLY public.socialaccount_socialtoken
    ADD CONSTRAINT socialaccount_socialtoken_app_id_account_id_fca4e0ac_uniq UNIQUE (app_id, account_id);


--
-- Name: socialaccount_socialtoken socialaccount_socialtoken_pkey; Type: CONSTRAINT; Schema: public; Owner: postgres
--

ALTER TABLE ONLY public.socialaccount_socialtoken
    ADD CONSTRAINT socialaccount_socialtoken_pkey PRIMARY KEY (id);


--
-- Name: account_emailaddress_email_03be32b2; Type: INDEX; Schema: public; Owner: postgres
--

CREATE INDEX account_emailaddress_email_03be32b2 ON public.account_emailaddress USING btree (email);


--
-- Name: account_emailaddress_email_03be32b2_like; Type: INDEX; Schema: public; Owner: postgres
--

CREATE INDEX account_emailaddress_email_03be32b2_like ON public.account_emailaddress USING btree (email varchar_pattern_ops);


--
-- Name: account_emailaddress_user_id_2c513194; Type: INDEX; Schema: public; Owner: postgres
--

CREATE INDEX account_emailaddress_user_id_2c513194 ON public.account_emailaddress USING btree (user_id);


--
-- Name: account_emailconfirmation_email_address_id_5b7f8c58; Type: INDEX; Schema: public; Owner: postgres
--

CREATE INDEX account_emailconfirmation_email_address_id_5b7f8c58 ON public.account_emailconfirmation USING btree (email_address_id);


--
-- Name: account_emailconfirmation_key_f43612bd_like; Type: INDEX; Schema: public; Owner: postgres
--

CREATE INDEX account_emailconfirmation_key_f43612bd_like ON public.account_emailconfirmation USING btree (key varchar_pattern_ops);


--
-- Name: auth_group_name_a6ea08ec_like; Type: INDEX; Schema: public; Owner: postgres
--

CREATE INDEX auth_group_name_a6ea08ec_like ON public.auth_group USING btree (name varchar_pattern_ops);


--
-- Name: auth_group_permissions_group_id_b120cbf9; Type: INDEX; Schema: public; Owner: postgres
--

CREATE INDEX auth_group_permissions_group_id_b120cbf9 ON public.auth_group_permissions USING btree (group_id);


--
-- Name: auth_group_permissions_permission_id_84c5c92e; Type: INDEX; Schema: public; Owner: postgres
--

CREATE INDEX auth_group_permissions_permission_id_84c5c92e ON public.auth_group_permissions USING btree (permission_id);


--
-- Name: auth_permission_content_type_id_2f476e4b; Type: INDEX; Schema: public; Owner: postgres
--

CREATE INDEX auth_permission_content_type_id_2f476e4b ON public.auth_permission USING btree (content_type_id);


--
-- Name: auth_user_groups_group_id_97559544; Type: INDEX; Schema: public; Owner: postgres
--

CREATE INDEX auth_user_groups_group_id_97559544 ON public.auth_user_groups USING btree (group_id);


--
-- Name: auth_user_groups_user_id_6a12ed8b; Type: INDEX; Schema: public; Owner: postgres
--

CREATE INDEX auth_user_groups_user_id_6a12ed8b ON public.auth_user_groups USING btree (user_id);


--
-- Name: auth_user_user_permissions_permission_id_1fbb5f2c; Type: INDEX; Schema: public; Owner: postgres
--

CREATE INDEX auth_user_user_permissions_permission_id_1fbb5f2c ON public.auth_user_user_permissions USING btree (permission_id);


--
-- Name: auth_user_user_permissions_user_id_a95ead1b; Type: INDEX; Schema: public; Owner: postgres
--

CREATE INDEX auth_user_user_permissions_user_id_a95ead1b ON public.auth_user_user_permissions USING btree (user_id);


--
-- Name: auth_user_username_6821ab7c_like; Type: INDEX; Schema: public; Owner: postgres
--

CREATE INDEX auth_user_username_6821ab7c_like ON public.auth_user USING btree (username varchar_pattern_ops);


--
-- Name: django_admin_log_content_type_id_c4bce8eb; Type: INDEX; Schema: public; Owner: postgres
--

CREATE INDEX django_admin_log_content_type_id_c4bce8eb ON public.django_admin_log USING btree (content_type_id);


--
-- Name: django_admin_log_user_id_c564eba6; Type: INDEX; Schema: public; Owner: postgres
--

CREATE INDEX django_admin_log_user_id_c564eba6 ON public.django_admin_log USING btree (user_id);


--
-- Name: django_session_expire_date_a5c62663; Type: INDEX; Schema: public; Owner: postgres
--

CREATE INDEX django_session_expire_date_a5c62663 ON public.django_session USING btree (expire_date);


--
-- Name: django_session_session_key_c0390e0f_like; Type: INDEX; Schema: public; Owner: postgres
--

CREATE INDEX django_session_session_key_c0390e0f_like ON public.django_session USING btree (session_key varchar_pattern_ops);


--
-- Name: dota2builds_build_hero_id_5d7a1885; Type: INDEX; Schema: public; Owner: postgres
--

CREATE INDEX dota2builds_build_hero_id_5d7a1885 ON public.dota2builds_build USING btree (hero_id);


--
-- Name: dota2builds_build_owner_id_e35bcec6; Type: INDEX; Schema: public; Owner: postgres
--

CREATE INDEX dota2builds_build_owner_id_e35bcec6 ON public.dota2builds_build USING btree (owner_id);


--
-- Name: dota2builds_builditeminfo_build_id_486e1a05; Type: INDEX; Schema: public; Owner: postgres
--

CREATE INDEX dota2builds_builditeminfo_build_id_486e1a05 ON public.dota2builds_builditeminfo USING btree (build_id);


--
-- Name: dota2builds_builditeminfo_item_id_565553e1; Type: INDEX; Schema: public; Owner: postgres
--

CREATE INDEX dota2builds_builditeminfo_item_id_565553e1 ON public.dota2builds_builditeminfo USING btree (item_id);


--
-- Name: dota2builds_hero_name_624218ca_like; Type: INDEX; Schema: public; Owner: postgres
--

CREATE INDEX dota2builds_hero_name_624218ca_like ON public.dota2builds_hero USING btree (name varchar_pattern_ops);


--
-- Name: dota2builds_hero_slug_4aa2b49a; Type: INDEX; Schema: public; Owner: postgres
--

CREATE INDEX dota2builds_hero_slug_4aa2b49a ON public.dota2builds_hero USING btree (slug);


--
-- Name: dota2builds_hero_slug_4aa2b49a_like; Type: INDEX; Schema: public; Owner: postgres
--

CREATE INDEX dota2builds_hero_slug_4aa2b49a_like ON public.dota2builds_hero USING btree (slug varchar_pattern_ops);


--
-- Name: dota2builds_item_name_1b879618_like; Type: INDEX; Schema: public; Owner: postgres
--

CREATE INDEX dota2builds_item_name_1b879618_like ON public.dota2builds_item USING btree (name varchar_pattern_ops);


--
-- Name: dota2builds_item_slug_e57b41b9; Type: INDEX; Schema: public; Owner: postgres
--

CREATE INDEX dota2builds_item_slug_e57b41b9 ON public.dota2builds_item USING btree (slug);


--
-- Name: dota2builds_item_slug_e57b41b9_like; Type: INDEX; Schema: public; Owner: postgres
--

CREATE INDEX dota2builds_item_slug_e57b41b9_like ON public.dota2builds_item USING btree (slug varchar_pattern_ops);


--
-- Name: social_auth_code_code_a2393167; Type: INDEX; Schema: public; Owner: postgres
--

CREATE INDEX social_auth_code_code_a2393167 ON public.social_auth_code USING btree (code);


--
-- Name: social_auth_code_code_a2393167_like; Type: INDEX; Schema: public; Owner: postgres
--

CREATE INDEX social_auth_code_code_a2393167_like ON public.social_auth_code USING btree (code varchar_pattern_ops);


--
-- Name: social_auth_code_timestamp_176b341f; Type: INDEX; Schema: public; Owner: postgres
--

CREATE INDEX social_auth_code_timestamp_176b341f ON public.social_auth_code USING btree ("timestamp");


--
-- Name: social_auth_partial_timestamp_50f2119f; Type: INDEX; Schema: public; Owner: postgres
--

CREATE INDEX social_auth_partial_timestamp_50f2119f ON public.social_auth_partial USING btree ("timestamp");


--
-- Name: social_auth_partial_token_3017fea3; Type: INDEX; Schema: public; Owner: postgres
--

CREATE INDEX social_auth_partial_token_3017fea3 ON public.social_auth_partial USING btree (token);


--
-- Name: social_auth_partial_token_3017fea3_like; Type: INDEX; Schema: public; Owner: postgres
--

CREATE INDEX social_auth_partial_token_3017fea3_like ON public.social_auth_partial USING btree (token varchar_pattern_ops);


--
-- Name: social_auth_usersocialauth_uid_796e51dc; Type: INDEX; Schema: public; Owner: postgres
--

CREATE INDEX social_auth_usersocialauth_uid_796e51dc ON public.social_auth_usersocialauth USING btree (uid);


--
-- Name: social_auth_usersocialauth_uid_796e51dc_like; Type: INDEX; Schema: public; Owner: postgres
--

CREATE INDEX social_auth_usersocialauth_uid_796e51dc_like ON public.social_auth_usersocialauth USING btree (uid varchar_pattern_ops);


--
-- Name: social_auth_usersocialauth_user_id_17d28448; Type: INDEX; Schema: public; Owner: postgres
--

CREATE INDEX social_auth_usersocialauth_user_id_17d28448 ON public.social_auth_usersocialauth USING btree (user_id);


--
-- Name: socialaccount_socialaccount_user_id_8146e70c; Type: INDEX; Schema: public; Owner: postgres
--

CREATE INDEX socialaccount_socialaccount_user_id_8146e70c ON public.socialaccount_socialaccount USING btree (user_id);


--
-- Name: socialaccount_socialtoken_account_id_951f210e; Type: INDEX; Schema: public; Owner: postgres
--

CREATE INDEX socialaccount_socialtoken_account_id_951f210e ON public.socialaccount_socialtoken USING btree (account_id);


--
-- Name: socialaccount_socialtoken_app_id_636a42d7; Type: INDEX; Schema: public; Owner: postgres
--

CREATE INDEX socialaccount_socialtoken_app_id_636a42d7 ON public.socialaccount_socialtoken USING btree (app_id);


--
-- Name: unique_primary_email; Type: INDEX; Schema: public; Owner: postgres
--

CREATE UNIQUE INDEX unique_primary_email ON public.account_emailaddress USING btree (user_id, "primary") WHERE "primary";


--
-- Name: unique_verified_email; Type: INDEX; Schema: public; Owner: postgres
--

CREATE UNIQUE INDEX unique_verified_email ON public.account_emailaddress USING btree (email) WHERE verified;


--
-- Name: account_emailaddress account_emailaddress_user_id_2c513194_fk_auth_user_id; Type: FK CONSTRAINT; Schema: public; Owner: postgres
--

ALTER TABLE ONLY public.account_emailaddress
    ADD CONSTRAINT account_emailaddress_user_id_2c513194_fk_auth_user_id FOREIGN KEY (user_id) REFERENCES public.auth_user(id) DEFERRABLE INITIALLY DEFERRED;


--
-- Name: account_emailconfirmation account_emailconfirm_email_address_id_5b7f8c58_fk_account_e; Type: FK CONSTRAINT; Schema: public; Owner: postgres
--

ALTER TABLE ONLY public.account_emailconfirmation
    ADD CONSTRAINT account_emailconfirm_email_address_id_5b7f8c58_fk_account_e FOREIGN KEY (email_address_id) REFERENCES public.account_emailaddress(id) DEFERRABLE INITIALLY DEFERRED;


--
-- Name: auth_group_permissions auth_group_permissio_permission_id_84c5c92e_fk_auth_perm; Type: FK CONSTRAINT; Schema: public; Owner: postgres
--

ALTER TABLE ONLY public.auth_group_permissions
    ADD CONSTRAINT auth_group_permissio_permission_id_84c5c92e_fk_auth_perm FOREIGN KEY (permission_id) REFERENCES public.auth_permission(id) DEFERRABLE INITIALLY DEFERRED;


--
-- Name: auth_group_permissions auth_group_permissions_group_id_b120cbf9_fk_auth_group_id; Type: FK CONSTRAINT; Schema: public; Owner: postgres
--

ALTER TABLE ONLY public.auth_group_permissions
    ADD CONSTRAINT auth_group_permissions_group_id_b120cbf9_fk_auth_group_id FOREIGN KEY (group_id) REFERENCES public.auth_group(id) DEFERRABLE INITIALLY DEFERRED;


--
-- Name: auth_permission auth_permission_content_type_id_2f476e4b_fk_django_co; Type: FK CONSTRAINT; Schema: public; Owner: postgres
--

ALTER TABLE ONLY public.auth_permission
    ADD CONSTRAINT auth_permission_content_type_id_2f476e4b_fk_django_co FOREIGN KEY (content_type_id) REFERENCES public.django_content_type(id) DEFERRABLE INITIALLY DEFERRED;


--
-- Name: auth_user_groups auth_user_groups_group_id_97559544_fk_auth_group_id; Type: FK CONSTRAINT; Schema: public; Owner: postgres
--

ALTER TABLE ONLY public.auth_user_groups
    ADD CONSTRAINT auth_user_groups_group_id_97559544_fk_auth_group_id FOREIGN KEY (group_id) REFERENCES public.auth_group(id) DEFERRABLE INITIALLY DEFERRED;


--
-- Name: auth_user_groups auth_user_groups_user_id_6a12ed8b_fk_auth_user_id; Type: FK CONSTRAINT; Schema: public; Owner: postgres
--

ALTER TABLE ONLY public.auth_user_groups
    ADD CONSTRAINT auth_user_groups_user_id_6a12ed8b_fk_auth_user_id FOREIGN KEY (user_id) REFERENCES public.auth_user(id) DEFERRABLE INITIALLY DEFERRED;


--
-- Name: auth_user_user_permissions auth_user_user_permi_permission_id_1fbb5f2c_fk_auth_perm; Type: FK CONSTRAINT; Schema: public; Owner: postgres
--

ALTER TABLE ONLY public.auth_user_user_permissions
    ADD CONSTRAINT auth_user_user_permi_permission_id_1fbb5f2c_fk_auth_perm FOREIGN KEY (permission_id) REFERENCES public.auth_permission(id) DEFERRABLE INITIALLY DEFERRED;


--
-- Name: auth_user_user_permissions auth_user_user_permissions_user_id_a95ead1b_fk_auth_user_id; Type: FK CONSTRAINT; Schema: public; Owner: postgres
--

ALTER TABLE ONLY public.auth_user_user_permissions
    ADD CONSTRAINT auth_user_user_permissions_user_id_a95ead1b_fk_auth_user_id FOREIGN KEY (user_id) REFERENCES public.auth_user(id) DEFERRABLE INITIALLY DEFERRED;


--
-- Name: django_admin_log django_admin_log_content_type_id_c4bce8eb_fk_django_co; Type: FK CONSTRAINT; Schema: public; Owner: postgres
--

ALTER TABLE ONLY public.django_admin_log
    ADD CONSTRAINT django_admin_log_content_type_id_c4bce8eb_fk_django_co FOREIGN KEY (content_type_id) REFERENCES public.django_content_type(id) DEFERRABLE INITIALLY DEFERRED;


--
-- Name: django_admin_log django_admin_log_user_id_c564eba6_fk_auth_user_id; Type: FK CONSTRAINT; Schema: public; Owner: postgres
--

ALTER TABLE ONLY public.django_admin_log
    ADD CONSTRAINT django_admin_log_user_id_c564eba6_fk_auth_user_id FOREIGN KEY (user_id) REFERENCES public.auth_user(id) DEFERRABLE INITIALLY DEFERRED;


--
-- Name: dota2builds_build dota2builds_build_hero_id_5d7a1885_fk_dota2builds_hero_id; Type: FK CONSTRAINT; Schema: public; Owner: postgres
--

ALTER TABLE ONLY public.dota2builds_build
    ADD CONSTRAINT dota2builds_build_hero_id_5d7a1885_fk_dota2builds_hero_id FOREIGN KEY (hero_id) REFERENCES public.dota2builds_hero(id) DEFERRABLE INITIALLY DEFERRED;


--
-- Name: dota2builds_build dota2builds_build_owner_id_e35bcec6_fk_auth_user_id; Type: FK CONSTRAINT; Schema: public; Owner: postgres
--

ALTER TABLE ONLY public.dota2builds_build
    ADD CONSTRAINT dota2builds_build_owner_id_e35bcec6_fk_auth_user_id FOREIGN KEY (owner_id) REFERENCES public.auth_user(id) DEFERRABLE INITIALLY DEFERRED;


--
-- Name: dota2builds_builditeminfo dota2builds_buildite_build_id_486e1a05_fk_dota2buil; Type: FK CONSTRAINT; Schema: public; Owner: postgres
--

ALTER TABLE ONLY public.dota2builds_builditeminfo
    ADD CONSTRAINT dota2builds_buildite_build_id_486e1a05_fk_dota2buil FOREIGN KEY (build_id) REFERENCES public.dota2builds_build(id) DEFERRABLE INITIALLY DEFERRED;


--
-- Name: dota2builds_builditeminfo dota2builds_buildite_item_id_565553e1_fk_dota2buil; Type: FK CONSTRAINT; Schema: public; Owner: postgres
--

ALTER TABLE ONLY public.dota2builds_builditeminfo
    ADD CONSTRAINT dota2builds_buildite_item_id_565553e1_fk_dota2buil FOREIGN KEY (item_id) REFERENCES public.dota2builds_item(id) DEFERRABLE INITIALLY DEFERRED;


--
-- Name: social_auth_usersocialauth social_auth_usersocialauth_user_id_17d28448_fk_auth_user_id; Type: FK CONSTRAINT; Schema: public; Owner: postgres
--

ALTER TABLE ONLY public.social_auth_usersocialauth
    ADD CONSTRAINT social_auth_usersocialauth_user_id_17d28448_fk_auth_user_id FOREIGN KEY (user_id) REFERENCES public.auth_user(id) DEFERRABLE INITIALLY DEFERRED;


--
-- Name: socialaccount_socialtoken socialaccount_social_account_id_951f210e_fk_socialacc; Type: FK CONSTRAINT; Schema: public; Owner: postgres
--

ALTER TABLE ONLY public.socialaccount_socialtoken
    ADD CONSTRAINT socialaccount_social_account_id_951f210e_fk_socialacc FOREIGN KEY (account_id) REFERENCES public.socialaccount_socialaccount(id) DEFERRABLE INITIALLY DEFERRED;


--
-- Name: socialaccount_socialtoken socialaccount_social_app_id_636a42d7_fk_socialacc; Type: FK CONSTRAINT; Schema: public; Owner: postgres
--

ALTER TABLE ONLY public.socialaccount_socialtoken
    ADD CONSTRAINT socialaccount_social_app_id_636a42d7_fk_socialacc FOREIGN KEY (app_id) REFERENCES public.socialaccount_socialapp(id) DEFERRABLE INITIALLY DEFERRED;


--
-- Name: socialaccount_socialaccount socialaccount_socialaccount_user_id_8146e70c_fk_auth_user_id; Type: FK CONSTRAINT; Schema: public; Owner: postgres
--

ALTER TABLE ONLY public.socialaccount_socialaccount
    ADD CONSTRAINT socialaccount_socialaccount_user_id_8146e70c_fk_auth_user_id FOREIGN KEY (user_id) REFERENCES public.auth_user(id) DEFERRABLE INITIALLY DEFERRED;


--
-- PostgreSQL database dump complete
--

